<?xml version="1.0" encoding="UTF-8"?>
<!-- <!DOCTYPE hibernate-configuration PUBLIC "-//Hibernate/Hibernate Configuration DTD 3.0//EN" "http://hibernate.sourceforge.net/hibernate-configuration-3.0.dtd"> -->
<!DOCTYPE hibernate-configuration PUBLIC "-//Hibernate/Hibernate Configuration DTD 3.0//EN" "http://www.hibernate.org/dtd/hibernate-configuration">
                                                                                             
<hibernate-configuration>
  <session-factory>
    <property name="hibernate.dialect">org.hibernate.dialect.MySQL5Dialect</property>
    <property name="hibernate.connection.driver_class">com.mysql.cj.jdbc.Driver</property>
    <property name="hibernate.connection.url">jdbc:mysql://127.0.0.1:3306/simasturbo</property>
    <property name="hibernate.connection.username">root</property>
    <property name="hibernate.connection.password"></property>
    <property name="hibernate.hbm2ddl.auto">create</property>
    <property name="hibernate.show_sql">true</property>
    <property name="hibernate.format_sql">true</property>
    <mapping class="model.Veiculo"></mapping>
    <mapping class="model.OrdemServico"></mapping>
    <mapping class="model.Status"></mapping>
    <mapping class="model.Funcionario"></mapping>
    <mapping class="model.Servico"></mapping>
    <mapping class="model.ItemOrdem"></mapping>
  </session-factory>
</hibernate-configuration>
